Start Time,Duration,Run ID,Name,Source Type,Source Name,User,Status,aug_type,batch_size,dropout_rate,epochs,lstm_units,num_aug,num_classes,rows_sum,seed,step size,test_size,train_size,val_size,window_size,test_accuracy,test_loss,training_accuracy,training_loss,validation_accuracy,validation_loss
2025-01-11 09:38:19,47.1min,4eeba628020c4035af77ed13c0aba1f9,GNI_aug200000_1971,LOCAL,/opt/anaconda3/lib/python3.12/site-packages/ipykernel_launcher.py,fabian,FINISHED,GNI,64,0.2,50,64,200000,3,468413,1971,1,40745,400516,27152,40,0.7376489639282227,1.0792649984359741,0.919670581817627,0.24921029806137085,0.7852980494499207,0.8783113956451416
2025-01-11 08:55:38,42.5min,b9f56b07decf481aa0342a8ffa44aa29,GNI_aug150000_1971,LOCAL,/opt/anaconda3/lib/python3.12/site-packages/ipykernel_launcher.py,fabian,FINISHED,GNI,64,0.2,50,64,150000,3,418279,1971,1,40745,350382,27152,40,0.7308439016342163,1.0697822570800781,0.9218677878379822,0.2434539645910263,0.7542416453361511,0.9523598551750183
2025-01-11 08:15:05,40.3min,6bd951d9355743d3840cc9f0578117a8,GNI_aug100000_1971,LOCAL,/opt/anaconda3/lib/python3.12/site-packages/ipykernel_launcher.py,fabian,FINISHED,GNI,64,0.2,50,64,100000,3,368344,1971,1,40745,300447,27152,40,0.7443802952766418,1.0290766954421997,0.9209805130958557,0.24580389261245728,0.7893921732902527,0.8619421720504761
2025-01-11 07:43:10,31.7min,4a6553d88ecb4a3e840169f30f6f9b50,GNI_aug50000_1971,LOCAL,/opt/anaconda3/lib/python3.12/site-packages/ipykernel_launcher.py,fabian,FINISHED,GNI,64,0.2,50,64,50000,3,318880,1971,1,40745,250983,27152,40,0.7293944358825684,1.0244073867797852,0.9008619785308838,0.29478776454925537,0.7643110156059265,0.8564431071281433
2025-01-11 06:54:57,48.0min,2f91bda909c04ad0ac07b01f00f3f300,GNI_aug200000_2884,LOCAL,/opt/anaconda3/lib/python3.12/site-packages/ipykernel_launcher.py,fabian,FINISHED,GNI,64,0.2,50,64,200000,3,467878,2884,1,40052,400754,27072,40,0.7593972086906433,1.0415514707565308,0.9216972589492798,0.24132581055164337,0.6808227300643921,1.3926128149032593
2025-01-11 06:11:41,43.0min,ed4b632e1f944520b31ddbb760c8e83a,GNI_aug150000_2884,LOCAL,/opt/anaconda3/lib/python3.12/site-packages/ipykernel_launcher.py,fabian,FINISHED,GNI,64,0.2,50,64,150000,3,417540,2884,1,40052,350416,27072,40,0.7619214057922363,0.9541923403739929,0.9331774711608887,0.21335254609584808,0.6778262853622437,1.3473773002624512
2025-01-11 05:33:41,37.8min,42e00ede8a084c72b5e2407d048af3d5,GNI_aug100000_2884,LOCAL,/opt/anaconda3/lib/python3.12/site-packages/ipykernel_launcher.py,fabian,FINISHED,GNI,64,0.2,50,64,100000,3,367648,2884,1,40052,300524,27072,40,0.7612966299057007,0.9060119986534119,0.917569637298584,0.25378838181495667,0.6992453336715698,1.1506726741790771
2025-01-11 05:02:48,30.7min,e1d8c46d38704ce58d5d1a3ede304ef9,GNI_aug50000_2884,LOCAL,/opt/anaconda3/lib/python3.12/site-packages/ipykernel_launcher.py,fabian,FINISHED,GNI,64,0.2,50,64,50000,3,317606,2884,1,40052,250482,27072,40,0.7295811176300049,0.9071224927902222,0.8988708257675171,0.29478785395622253,0.6813036203384399,1.2418946027755737
2025-01-11 04:16:05,46.5min,4f87d85bcc224731b7c851180a87c600,GNI_aug200000_7950,LOCAL,/opt/anaconda3/lib/python3.12/site-packages/ipykernel_launcher.py,fabian,FINISHED,GNI,64,0.2,50,64,200000,3,468566,7950,1,40335,400462,27769,40,0.7392480373382568,1.186825156211853,0.9359001517295837,0.2078811079263687,0.7717191576957703,0.9240684509277344
2025-01-11 03:33:29,42.4min,df6a7067f43e43b79c24af5e8cd3ded5,GNI_aug150000_7950,LOCAL,/opt/anaconda3/lib/python3.12/site-packages/ipykernel_launcher.py,fabian,FINISHED,GNI,64,0.2,50,64,150000,3,418507,7950,1,40335,350403,27769,40,0.7418290376663208,1.0998533964157104,0.9390261173248291,0.2027374804019928,0.7883082628250122,0.9036576151847839
2025-01-11 03:00:38,32.6min,2d3bf45caf04417fbd07215b161c7f26,GNI_aug100000_7950,LOCAL,/opt/anaconda3/lib/python3.12/site-packages/ipykernel_launcher.py,fabian,FINISHED,GNI,64,0.2,50,64,100000,3,368880,7950,1,40335,300776,27769,40,0.7444596290588379,1.0796470642089844,0.9343810081481934,0.21229632198810577,0.7707093954086304,0.9510626196861267
2025-01-11 02:31:05,29.3min,4a31f226e1454afa9cf8e74abec696be,GNI_aug50000_7950,LOCAL,/opt/anaconda3/lib/python3.12/site-packages/ipykernel_launcher.py,fabian,FINISHED,GNI,64,0.2,50,64,50000,3,318648,7950,1,40335,250544,27769,40,0.7589278817176819,0.9461497664451599,0.928795576095581,0.23058272898197174,0.7758664488792419,0.8653358221054077
2025-01-11 01:43:09,47.7min,c5163fccf6d94d54ac2a6a298375ccfd,GNI_aug200000_3832,LOCAL,/opt/anaconda3/lib/python3.12/site-packages/ipykernel_launcher.py,fabian,FINISHED,GNI,64,0.2,50,64,200000,3,468915,3832,1,40677,401204,27034,40,0.7323129177093506,1.1570364236831665,0.9235051274299622,0.23802967369556427,0.7106764316558838,1.1204334497451782
2025-01-11 01:00:21,42.6min,69803e7a29e2471a84cb3357ae214d96,GNI_aug150000_3832,LOCAL,/opt/anaconda3/lib/python3.12/site-packages/ipykernel_launcher.py,fabian,FINISHED,GNI,64,0.2,50,64,150000,3,418490,3832,1,40677,350779,27034,40,0.7272436618804932,1.1891134977340698,0.9222270846366882,0.2401161789894104,0.6953767538070679,1.2405604124069214
2025-01-11 00:22:43,37.4min,681754dd6e0a414bad50a4d2b0aacea9,GNI_aug100000_3832,LOCAL,/opt/anaconda3/lib/python3.12/site-packages/ipykernel_launcher.py,fabian,FINISHED,GNI,64,0.2,50,64,100000,3,369227,3832,1,40677,301516,27034,40,0.737480640411377,1.1554818153381348,0.9263755679130554,0.2306872308254242,0.720937967300415,1.2489744424819946
2025-01-10 23:51:50,30.7min,f240647bd7654ac997d1f0aff32331f4,GNI_aug50000_3832,LOCAL,/opt/anaconda3/lib/python3.12/site-packages/ipykernel_launcher.py,fabian,FINISHED,GNI,64,0.2,50,64,50000,3,318620,3832,1,40677,250909,27034,40,0.730344295501709,1.1341537237167358,0.9068517684936523,0.27734747529029846,0.7340520024299622,1.116679072380066
2025-01-10 22:59:52,51.7min,fbc674c2faba47009e62ac1ee062a332,GNI_aug200000_2643,LOCAL,/opt/anaconda3/lib/python3.12/site-packages/ipykernel_launcher.py,fabian,FINISHED,GNI,64,0.2,50,64,200000,3,468121,2643,1,40137,400224,27760,40,0.7164376378059387,1.3189356327056885,0.932043731212616,0.22190940380096436,0.7144660949707031,1.3042323589324951
2025-01-10 22:11:35,48.0min,8c4a4df197e54f08b8df9a2bc6bc6aed,GNI_aug150000_2643,LOCAL,/opt/anaconda3/lib/python3.12/site-packages/ipykernel_launcher.py,fabian,FINISHED,GNI,64,0.2,50,64,150000,3,418156,2643,1,40137,350259,27760,40,0.7278100848197937,1.223691701889038,0.929955244064331,0.22197091579437256,0.6992784738540649,1.3925503492355347
2025-01-10 21:30:27,40.9min,94fe0ec2559d40a59bbede859613f6d1,GNI_aug100000_2643,LOCAL,/opt/anaconda3/lib/python3.12/site-packages/ipykernel_launcher.py,fabian,FINISHED,GNI,64,0.2,50,64,100000,3,368399,2643,1,40137,300502,27760,40,0.7254657745361328,1.0731210708618164,0.9166417121887207,0.25663840770721436,0.6810245513916016,1.2013826370239258
2025-01-10 20:58:34,31.6min,efca18ccf7704c2a8131bf20321e96a3,GNI_aug50000_2643,LOCAL,/opt/anaconda3/lib/python3.12/site-packages/ipykernel_launcher.py,fabian,FINISHED,GNI,64,0.2,50,64,50000,3,318139,2643,1,40137,250242,27760,40,0.7340449690818787,1.0581693649291992,0.9042853116989136,0.28316596150398254,0.7053751945495605,1.0850261449813843
2025-01-10 20:06:24,52.0min,460f86d3ece3487a8ae3c9b590c5b720,GNI_aug200000_3846,LOCAL,/opt/anaconda3/lib/python3.12/site-packages/ipykernel_launcher.py,fabian,FINISHED,GNI,64,0.2,50,64,200000,3,469436,3846,1,40460,401796,27180,40,0.7607125043869019,1.0290855169296265,0.9266943335533142,0.22515101730823517,0.6996684074401855,1.0795553922653198
2025-01-10 19:23:05,43.1min,38357bea38584392a5482ee12af659d1,GNI_aug150000_3846,LOCAL,/opt/anaconda3/lib/python3.12/site-packages/ipykernel_launcher.py,fabian,FINISHED,GNI,64,0.2,50,64,150000,3,419492,3846,1,40460,351852,27180,40,0.7615289688110352,0.9619830846786499,0.9310541152954102,0.2190779447555542,0.707000732421875,1.3076703548431396
2025-01-10 18:46:59,35.9min,aa7e243c8214442b8a5f5a6735e19194,GNI_aug100000_3846,LOCAL,/opt/anaconda3/lib/python3.12/site-packages/ipykernel_launcher.py,fabian,FINISHED,GNI,64,0.2,50,64,100000,3,368726,3846,1,40460,301086,27180,40,0.7523008584976196,1.0078575611114502,0.9241943359375,0.2319498360157013,0.6858879923820496,1.1937953233718872
2025-01-10 18:17:26,29.3min,6cb9aec374b44fbb9177e8222b3817c9,GNI_aug50000_3846,LOCAL,/opt/anaconda3/lib/python3.12/site-packages/ipykernel_launcher.py,fabian,FINISHED,GNI,64,0.2,50,64,50000,3,319009,3846,1,40460,251369,27180,40,0.7656605839729309,0.8780912756919861,0.916416347026825,0.25453871488571167,0.6655858755111694,1.1836743354797363
2025-01-10 17:29:27,47.8min,6a304243b89344388796a91f27235a2f,GNI_aug200000_7932,LOCAL,/opt/anaconda3/lib/python3.12/site-packages/ipykernel_launcher.py,fabian,FINISHED,GNI,64,0.2,50,64,200000,3,468368,7932,1,40140,401006,27222,40,0.7539650797843933,0.9297338724136353,0.9418005347251892,0.1938142478466034,0.7141122817993164,1.0948518514633179
2025-01-10 16:47:09,42.1min,5bb6703c17ae4d9a9fd977c7c12075b5,GNI_aug150000_7932,LOCAL,/opt/anaconda3/lib/python3.12/site-packages/ipykernel_launcher.py,fabian,FINISHED,GNI,64,0.2,50,64,150000,3,418989,7932,1,40140,351627,27222,40,0.750922679901123,0.9868132472038269,0.9317438006401062,0.22039544582366943,0.7115738391876221,1.2004221677780151
2025-01-10 16:10:20,36.6min,0748a932d26344feb293473b743757b7,GNI_aug100000_7932,LOCAL,/opt/anaconda3/lib/python3.12/site-packages/ipykernel_launcher.py,fabian,FINISHED,GNI,64,0.2,50,64,100000,3,368428,7932,1,40140,301066,27222,40,0.7588528394699097,1.00285005569458,0.9310258626937866,0.22322148084640503,0.7197778224945068,1.2451120615005493
2025-01-10 15:39:28,30.6min,e17eecfaea1f4183ac9e8e2a6d53bcf6,GNI_aug50000_7932,LOCAL,/opt/anaconda3/lib/python3.12/site-packages/ipykernel_launcher.py,fabian,FINISHED,GNI,64,0.2,50,64,50000,3,318779,7932,1,40140,251417,27222,40,0.7695261836051941,0.9762831330299377,0.9227813482284546,0.24343299865722656,0.7310352325439453,0.9977203607559204
2025-01-10 14:48:47,50.5min,51468bdb231247f58faa8bdae203eeba,GNI_aug200000_3589,LOCAL,/opt/anaconda3/lib/python3.12/site-packages/ipykernel_launcher.py,fabian,FINISHED,GNI,64,0.2,50,64,200000,3,468619,3589,1,40055,401350,27214,40,0.7561164498329163,1.1771583557128906,0.9401211142539978,0.1961701661348343,0.7445720434188843,1.2913724184036255
2025-01-10 14:02:08,46.4min,6565605a23cc4f6d9558e762f3967c8e,GNI_aug150000_3589,LOCAL,/opt/anaconda3/lib/python3.12/site-packages/ipykernel_launcher.py,fabian,FINISHED,GNI,64,0.2,50,64,150000,3,418198,3589,1,40055,350929,27214,40,0.7206547260284424,1.329217791557312,0.9394680261611938,0.19992168247699738,0.7543607950210571,1.2064216136932373
2025-01-10 13:26:47,35.1min,9b7ee874e27d46bda20951fc9dac669e,GNI_aug100000_3589,LOCAL,/opt/anaconda3/lib/python3.12/site-packages/ipykernel_launcher.py,fabian,FINISHED,GNI,64,0.2,50,64,100000,3,368162,3589,1,40055,300893,27214,40,0.7296264171600342,1.1633323431015015,0.9304245114326477,0.2200014889240265,0.7623831629753113,1.0452316999435425
2025-01-10 12:56:16,30.3min,8f9af834831a4df8aa74bc8f755f970a,GNI_aug50000_3589,LOCAL,/opt/anaconda3/lib/python3.12/site-packages/ipykernel_launcher.py,fabian,FINISHED,GNI,64,0.2,50,64,50000,3,318568,3589,1,40055,251299,27214,40,0.7179807424545288,1.1920067071914673,0.9312860369682312,0.22006544470787048,0.7210568785667419,1.236506462097168
2025-01-10 11:57:24,58.6min,bd0a833bd03c4b78a61c4ef922528931,GNI_aug200000_9265,LOCAL,/opt/anaconda3/lib/python3.12/site-packages/ipykernel_launcher.py,fabian,FINISHED,GNI,64,0.2,50,64,200000,3,469009,9265,1,40336,401166,27507,40,0.7206670641899109,1.2103919982910156,0.9333725571632385,0.22089123725891113,0.7407070398330688,1.04303777217865
2025-01-10 11:15:42,41.4min,8b30e9df87d74137b581bf9ba3d54cd8,GNI_aug150000_9265,LOCAL,/opt/anaconda3/lib/python3.12/site-packages/ipykernel_launcher.py,fabian,FINISHED,GNI,64,0.2,50,64,150000,3,419281,9265,1,40336,351438,27507,40,0.7341423630714417,1.1479651927947998,0.9339922070503235,0.21826903522014618,0.7437652349472046,1.2596341371536255
2025-01-10 10:39:10,36.3min,8986638cb2b94c5888a5cacbf79ea924,GNI_aug100000_9265,LOCAL,/opt/anaconda3/lib/python3.12/site-packages/ipykernel_launcher.py,fabian,FINISHED,GNI,64,0.2,50,64,100000,3,368963,9265,1,40336,301120,27507,40,0.7366487979888916,1.0911765098571777,0.9279394149780273,0.23235827684402466,0.7446390390396118,0.9360116124153137
2025-01-10 10:08:56,30.0min,50b635c934af42249ea66023be8e07e2,GNI_aug50000_9265,LOCAL,/opt/anaconda3/lib/python3.12/site-packages/ipykernel_launcher.py,fabian,FINISHED,GNI,64,0.2,50,64,50000,3,318731,9265,1,40336,250888,27507,40,0.7409916520118713,1.1540547609329224,0.9279404282569885,0.23509737849235535,0.7497724294662476,1.1340163946151733
2025-01-10 09:22:19,46.4min,4306585deaa94bed8a47dcc5db05ac7f,GNI_aug200000_1415,LOCAL,/opt/anaconda3/lib/python3.12/site-packages/ipykernel_launcher.py,fabian,FINISHED,GNI,64,0.2,50,64,200000,3,468867,1415,1,40544,400682,27641,40,0.7698745727539062,1.2035771608352661,0.9470375180244446,0.17553365230560303,0.7243940234184265,1.4414284229278564
2025-01-10 08:39:14,42.8min,d62247ec46064c0fbbb2513f74fa781e,GNI_aug150000_1415,LOCAL,/opt/anaconda3/lib/python3.12/site-packages/ipykernel_launcher.py,fabian,FINISHED,GNI,64,0.2,50,64,150000,3,418990,1415,1,40544,350805,27641,40,0.7744420170783997,0.9421736598014832,0.9380240440368652,0.20620882511138916,0.7350096106529236,1.136432409286499
2025-01-10 08:03:42,35.3min,626befc246b8431cb0e689d08e08c5f8,GNI_aug100000_1415,LOCAL,/opt/anaconda3/lib/python3.12/site-packages/ipykernel_launcher.py,fabian,FINISHED,GNI,64,0.2,50,64,100000,3,369024,1415,1,40544,300839,27641,40,0.7767381072044373,0.8436722755432129,0.9358940720558167,0.20831026136875153,0.7516394257545471,0.9798983931541443
2025-01-10 07:33:48,29.7min,5a78bad04270484eb377c18209da421c,GNI_aug50000_1415,LOCAL,/opt/anaconda3/lib/python3.12/site-packages/ipykernel_launcher.py,fabian,FINISHED,GNI,64,0.2,50,64,50000,3,319390,1415,1,40544,251205,27641,40,0.7443709373474121,0.9827874898910522,0.9171022772789001,0.25977492332458496,0.7213869094848633,1.1566647291183472
2025-01-10 06:45:01,48.6min,b9077cb3c1874284b61c26ff59c06fb3,vae_aug200000_1971,LOCAL,/opt/anaconda3/lib/python3.12/site-packages/ipykernel_launcher.py,fabian,FINISHED,vae,64,0.2,50,64,200000,3,468075,1971,1,40745,400178,27152,40,0.6993244290351868,1.005102515220642,0.9409428834915161,0.17871613800525665,0.7559383511543274,0.8238725066184998
2025-01-10 06:03:33,41.2min,2776938aede5472c98b61bae984f7311,vae_aug150000_1971,LOCAL,/opt/anaconda3/lib/python3.12/site-packages/ipykernel_launcher.py,fabian,FINISHED,vae,64,0.2,50,64,150000,3,418155,1971,1,40745,350258,27152,40,0.7095934152603149,0.9072228670120239,0.9269397854804993,0.21452616155147552,0.7308202981948853,0.8219801187515259
2025-01-10 05:28:18,35.0min,cf5cfb81c22045e59f5cf736aaeff794,vae_aug100000_1971,LOCAL,/opt/anaconda3/lib/python3.12/site-packages/ipykernel_launcher.py,fabian,FINISHED,vae,64,0.2,50,64,100000,3,368115,1971,1,40745,300218,27152,40,0.7166687250137329,0.9207262992858887,0.9208835959434509,0.23536810278892517,0.741737961769104,0.8562594652175903
2025-01-10 04:58:22,29.7min,c97e1237a7144cdfa693adaf18fc8e96,vae_aug50000_1971,LOCAL,/opt/anaconda3/lib/python3.12/site-packages/ipykernel_launcher.py,fabian,FINISHED,vae,64,0.2,50,64,50000,3,318075,1971,1,40745,250178,27152,40,0.6948531866073608,0.9469089508056641,0.891387939453125,0.30759525299072266,0.749520480632782,0.7587546110153198
2025-01-10 04:11:22,46.8min,492579d8a65a4bb1b1c34aede87dce5e,vae_aug200000_2884,LOCAL,/opt/anaconda3/lib/python3.12/site-packages/ipykernel_launcher.py,fabian,FINISHED,vae,64,0.2,50,64,200000,3,467421,2884,1,40052,400297,27072,40,0.7201839685440063,1.0389797687530518,0.9467117190361023,0.16437385976314545,0.7172240018844604,1.173448920249939
2025-01-10 03:28:58,42.2min,8fe940e94b724d9c894fed7f6f57d538,vae_aug150000_2884,LOCAL,/opt/anaconda3/lib/python3.12/site-packages/ipykernel_launcher.py,fabian,FINISHED,vae,64,0.2,50,64,150000,3,417501,2884,1,40052,350377,27072,40,0.7165850400924683,0.876590371131897,0.9380853176116943,0.19126412272453308,0.6447173953056335,1.1539256572723389
2025-01-10 02:53:38,35.1min,cb38fbcbc5a0456d9cc10fd9702a304a,vae_aug100000_2884,LOCAL,/opt/anaconda3/lib/python3.12/site-packages/ipykernel_launcher.py,fabian,FINISHED,vae,64,0.2,50,64,100000,3,367461,2884,1,40052,300337,27072,40,0.7397280931472778,0.8559851050376892,0.9228730201721191,0.22878113389015198,0.6969887614250183,1.2040647268295288
2025-01-10 02:23:38,29.8min,a78f34fc5145462c9b28cba4e8b29218,vae_aug50000_2884,LOCAL,/opt/anaconda3/lib/python3.12/site-packages/ipykernel_launcher.py,fabian,FINISHED,vae,64,0.2,50,64,50000,3,317421,2884,1,40052,250297,27072,40,0.7504748702049255,0.9280090928077698,0.9129055142402649,0.25940194725990295,0.7112681269645691,1.0993244647979736
2025-01-10 01:33:37,49.8min,937295bdeb2948b490bddee1df17e097,vae_aug200000_7950,LOCAL,/opt/anaconda3/lib/python3.12/site-packages/ipykernel_launcher.py,fabian,FINISHED,vae,64,0.2,50,64,200000,3,468255,7950,1,40335,400151,27769,40,0.7158456444740295,0.9451406002044678,0.9442279934883118,0.1690952479839325,0.7381802201271057,0.7795693278312683
2025-01-10 00:52:21,41.0min,e7f2912a03e7449c8fdcf639602d54a5,vae_aug150000_7950,LOCAL,/opt/anaconda3/lib/python3.12/site-packages/ipykernel_launcher.py,fabian,FINISHED,vae,64,0.2,50,64,150000,3,418335,7950,1,40335,350231,27769,40,0.7071349024772644,1.0882172584533691,0.9403582811355591,0.1845947802066803,0.7681849598884583,0.7910208106040955
2025-01-10 00:12:10,39.9min,0c2e82dfcc4f49dcb81384d2a107b31b,vae_aug100000_7950,LOCAL,/opt/anaconda3/lib/python3.12/site-packages/ipykernel_launcher.py,fabian,FINISHED,vae,64,0.2,50,64,100000,3,368295,7950,1,40335,300191,27769,40,0.7241345047950745,0.9444898366928101,0.9232453107833862,0.2310011237859726,0.7420390248298645,0.8583737015724182
2025-01-09 23:42:42,29.2min,9b0fd2a5be7e4b508885534990289c44,vae_aug50000_7950,LOCAL,/opt/anaconda3/lib/python3.12/site-packages/ipykernel_launcher.py,fabian,FINISHED,vae,64,0.2,50,64,50000,3,318255,7950,1,40335,250151,27769,40,0.7379575371742249,0.9227296113967896,0.9068893194198608,0.275584876537323,0.7696274518966675,0.7684057950973511
2025-01-09 22:54:23,48.1min,103a7c7e14824b108555f0c350969d34,vae_aug200000_3832,LOCAL,/opt/anaconda3/lib/python3.12/site-packages/ipykernel_launcher.py,fabian,FINISHED,vae,64,0.2,50,64,200000,3,468233,3832,1,40677,400522,27034,40,0.7210177779197693,0.9867191314697266,0.9373080730438232,0.18315400183200836,0.70248943567276,0.9988130331039429
2025-01-09 22:11:26,42.7min,c94025f82c224a48aef18af9d8434514,vae_aug150000_3832,LOCAL,/opt/anaconda3/lib/python3.12/site-packages/ipykernel_launcher.py,fabian,FINISHED,vae,64,0.2,50,64,150000,3,418313,3832,1,40677,350602,27034,40,0.7065482139587402,1.0039204359054565,0.9291394948959351,0.20145733654499054,0.7090834975242615,0.9524966478347778
2025-01-09 21:35:24,35.8min,005cbd4dc5974f45b0cc3ed71eef91ac,vae_aug100000_3832,LOCAL,/opt/anaconda3/lib/python3.12/site-packages/ipykernel_launcher.py,fabian,FINISHED,vae,64,0.2,50,64,100000,3,368273,3832,1,40677,300562,27034,40,0.7039889693260193,0.9792730212211609,0.9103559851646423,0.25305840373039246,0.7268652319908142,0.8393364548683167
2025-01-09 21:03:22,31.8min,eb5f20334ac349e19e20d0cf486ed1b2,vae_aug50000_3832,LOCAL,/opt/anaconda3/lib/python3.12/site-packages/ipykernel_launcher.py,fabian,FINISHED,vae,64,0.2,50,64,50000,3,318233,3832,1,40677,250522,27034,40,0.712478756904602,1.0008960962295532,0.8944315314292908,0.2973383665084839,0.7048233151435852,1.026406168937683
2025-01-09 20:12:58,50.2min,04aa86fec41d498c9de16df7452f48b5,vae_aug200000_2643,LOCAL,/opt/anaconda3/lib/python3.12/site-packages/ipykernel_launcher.py,fabian,FINISHED,vae,64,0.2,50,64,200000,3,467929,2643,1,40137,400032,27760,40,0.701848030090332,1.1461492776870728,0.9470614194869995,0.1616894155740738,0.6915945410728455,1.0394214391708374
2025-01-09 19:31:02,41.7min,9888c88c34444aebb2b6c93b10f83603,vae_aug150000_2643,LOCAL,/opt/anaconda3/lib/python3.12/site-packages/ipykernel_launcher.py,fabian,FINISHED,vae,64,0.2,50,64,150000,3,418009,2643,1,40137,350112,27760,40,0.7158141732215881,1.0293657779693604,0.9393553137779236,0.18650849163532257,0.7001082301139832,0.954319417476654
2025-01-09 18:57:57,32.8min,b009f76c13414a9cb893c2f35ff2dc99,vae_aug100000_2643,LOCAL,/opt/anaconda3/lib/python3.12/site-packages/ipykernel_launcher.py,fabian,FINISHED,vae,64,0.2,50,64,100000,3,367969,2643,1,40137,300072,27760,40,0.6911489367485046,1.0529872179031372,0.9200985431671143,0.23591665923595428,0.7128066420555115,0.9372333884239197
2025-01-09 18:27:24,30.3min,84bdedc3918d4501aaa64dc69a8a45f8,vae_aug50000_2643,LOCAL,/opt/anaconda3/lib/python3.12/site-packages/ipykernel_launcher.py,fabian,FINISHED,vae,64,0.2,50,64,50000,3,317929,2643,1,40137,250032,27760,40,0.7007257342338562,0.9375214576721191,0.9032849073410034,0.2836441099643707,0.6942279934883118,0.9766402244567871
2025-01-09 17:37:35,49.6min,94da055773014b6e9f2a017e34f12f52,vae_aug200000_3846,LOCAL,/opt/anaconda3/lib/python3.12/site-packages/ipykernel_launcher.py,fabian,FINISHED,vae,64,0.2,50,64,200000,3,468458,3846,1,40460,400818,27180,40,0.7348095178604126,0.8668232560157776,0.9429160356521606,0.16861633956432343,0.6690125465393066,1.0107617378234863
2025-01-09 16:54:05,43.2min,5b7aa595d08f49748dec384e970734cb,vae_aug150000_3846,LOCAL,/opt/anaconda3/lib/python3.12/site-packages/ipykernel_launcher.py,fabian,FINISHED,vae,64,0.2,50,64,150000,3,418538,3846,1,40460,350898,27180,40,0.7185304164886475,0.9704256653785706,0.9335286617279053,0.19414915144443512,0.6957626938819885,1.0100799798965454
2025-01-09 16:14:03,39.8min,83a3c862ea904e0891b2ec87b6055142,vae_aug100000_3846,LOCAL,/opt/anaconda3/lib/python3.12/site-packages/ipykernel_launcher.py,fabian,FINISHED,vae,64,0.2,50,64,100000,3,368498,3846,1,40460,300858,27180,40,0.7209054827690125,0.9273363351821899,0.9149718284606934,0.24226047098636627,0.6762712001800537,1.097844123840332
2025-01-09 15:38:18,35.5min,4ae3239c9b1649779a29979786902563,vae_aug50000_3846,LOCAL,/opt/anaconda3/lib/python3.12/site-packages/ipykernel_launcher.py,fabian,FINISHED,vae,64,0.2,50,64,50000,3,318458,3846,1,40460,250818,27180,40,0.7314943075180054,0.8952122926712036,0.8986793160438538,0.2859311103820801,0.668607234954834,1.0559873580932617
2025-01-09 14:21:18,1.3h,432668c4d3494fe89cb8ee6d6c33edc9,vae_aug200000_7932,LOCAL,/opt/anaconda3/lib/python3.12/site-packages/ipykernel_launcher.py,fabian,FINISHED,vae,64,0.2,50,64,200000,3,467785,7932,1,40140,400423,27222,40,0.7452369332313538,0.7747023701667786,0.9431893825531006,0.17271283268928528,0.7281656861305237,1.011836290359497
2025-01-09 13:34:27,46.6min,0aea6644dfe34ee0affb8052b5e019ee,vae_aug150000_7932,LOCAL,/opt/anaconda3/lib/python3.12/site-packages/ipykernel_launcher.py,fabian,FINISHED,vae,64,0.2,50,64,150000,3,417865,7932,1,40140,350503,27222,40,0.7649875283241272,0.7339112758636475,0.938010573387146,0.19093848764896393,0.7219483256340027,0.9273273348808289
2025-01-09 12:31:41,1.0h,2a5ca14a5b3c427496e5c698962dbdba,vae_aug100000_7932,LOCAL,/opt/anaconda3/lib/python3.12/site-packages/ipykernel_launcher.py,fabian,FINISHED,vae,64,0.2,50,64,100000,3,367825,7932,1,40140,300463,27222,40,0.7299750447273254,0.8967679142951965,0.9289268851280212,0.21754886209964752,0.71407550573349,1.023455262184143
2025-01-09 11:58:06,33.4min,a6e714966aa84f31ac8e02f51186056e,vae_aug50000_7932,LOCAL,/opt/anaconda3/lib/python3.12/site-packages/ipykernel_launcher.py,fabian,FINISHED,vae,64,0.2,50,64,50000,3,317785,7932,1,40140,250423,27222,40,0.742643415927887,0.8511470556259155,0.9129533767700195,0.26316559314727783,0.7115738391876221,1.0267894268035889
2025-01-09 11:09:32,48.3min,13ed5bea187943cc8372c8a4a5a38c08,vae_aug200000_3589,LOCAL,/opt/anaconda3/lib/python3.12/site-packages/ipykernel_launcher.py,fabian,FINISHED,vae,64,0.2,50,64,200000,3,467864,3589,1,40055,400595,27214,40,0.7091341018676758,1.1349598169326782,0.9500842690467834,0.15703357756137848,0.7247737050056458,1.0206308364868164
2025-01-09 10:27:50,41.4min,ace09d90abee45eca0cf3b66edd652fc,vae_aug150000_3589,LOCAL,/opt/anaconda3/lib/python3.12/site-packages/ipykernel_launcher.py,fabian,FINISHED,vae,64,0.2,50,64,150000,3,417944,3589,1,40055,350675,27214,40,0.7433962225914001,0.9568573832511902,0.9309053421020508,0.20864544808864594,0.71892249584198,0.9842678904533386
2025-01-09 09:51:49,35.8min,fdc0f48a438a4319a4d2063a03873b3d,vae_aug100000_3589,LOCAL,/opt/anaconda3/lib/python3.12/site-packages/ipykernel_launcher.py,fabian,FINISHED,vae,64,0.2,50,64,100000,3,367904,3589,1,40055,300635,27214,40,0.6984381079673767,1.0313806533813477,0.9257738590240479,0.22487768530845642,0.7253992557525635,0.9531261920928955
2025-01-09 09:21:12,30.4min,a7e5b4528823411abcfc2217ef9061c4,vae_aug50000_3589,LOCAL,/opt/anaconda3/lib/python3.12/site-packages/ipykernel_launcher.py,fabian,FINISHED,vae,64,0.2,50,64,50000,3,317864,3589,1,40055,250595,27214,40,0.7008122205734253,0.9375429749488831,0.9030711650848389,0.2883038818836212,0.6952601671218872,1.1056084632873535
2025-01-09 08:34:19,46.7min,3fd2734ca4f64dff852c461469ecff0b,vae_aug200000_9265,LOCAL,/opt/anaconda3/lib/python3.12/site-packages/ipykernel_launcher.py,fabian,FINISHED,vae,64,0.2,50,64,200000,3,468346,9265,1,40336,400503,27507,40,0.7179868817329407,1.0317776203155518,0.9451884627342224,0.17270226776599884,0.7295663952827454,0.917542040348053
2025-01-09 07:49:01,45.0min,03bd25cadf7a4be5a56b43e360b37913,vae_aug150000_9265,LOCAL,/opt/anaconda3/lib/python3.12/site-packages/ipykernel_launcher.py,fabian,FINISHED,vae,64,0.2,50,64,150000,3,418426,9265,1,40336,350583,27507,40,0.6990520358085632,1.0647915601730347,0.9419900178909302,0.18287403881549835,0.7015327215194702,1.013697624206543
2025-01-09 07:12:23,36.4min,2dff1652525446eb9c163cba70b0097a,vae_aug100000_9265,LOCAL,/opt/anaconda3/lib/python3.12/site-packages/ipykernel_launcher.py,fabian,FINISHED,vae,64,0.2,50,64,100000,3,368386,9265,1,40336,300543,27507,40,0.715133011341095,0.9436469078063965,0.9203568696975708,0.2351323813199997,0.7141661047935486,0.8767714500427246
2025-01-09 06:40:21,31.8min,7ac036baf492415590657aa27eebc85c,vae_aug50000_9265,LOCAL,/opt/anaconda3/lib/python3.12/site-packages/ipykernel_launcher.py,fabian,FINISHED,vae,64,0.2,50,64,50000,3,318346,9265,1,40336,250503,27507,40,0.7025014758110046,0.9514821767807007,0.8965276479721069,0.304306298494339,0.7253795266151428,0.8605691194534302
2025-01-09 05:53:22,46.7min,773b13441ffa4747815a41f0e1f2bed2,vae_aug200000_1415,LOCAL,/opt/anaconda3/lib/python3.12/site-packages/ipykernel_launcher.py,fabian,FINISHED,vae,64,0.2,50,64,200000,3,468446,1415,1,40544,400261,27641,40,0.7397294044494629,0.9523345828056335,0.9458274245262146,0.16827568411827087,0.7474004626274109,0.915413498878479
2025-01-09 05:10:45,42.4min,f39cb1804aee43e090393ebccff0b369,vae_aug150000_1415,LOCAL,/opt/anaconda3/lib/python3.12/site-packages/ipykernel_launcher.py,fabian,FINISHED,vae,64,0.2,50,64,150000,3,418526,1415,1,40544,350341,27641,40,0.727236807346344,1.0625015497207642,0.9410250186920166,0.18157963454723358,0.7230172753334045,1.011594533920288
2025-01-09 04:35:16,35.2min,8a9bc853f11d412f815f1189690bf397,vae_aug100000_1415,LOCAL,/opt/anaconda3/lib/python3.12/site-packages/ipykernel_launcher.py,fabian,FINISHED,vae,64,0.2,50,64,100000,3,368486,1415,1,40544,300301,27641,40,0.7533082962036133,0.8656639456748962,0.9251317977905273,0.22466310858726501,0.7175464630126953,1.0051989555358887
2025-01-09 04:05:43,29.3min,d761ebc471ed4832b33bd251ae406860,vae_aug50000_1415,LOCAL,/opt/anaconda3/lib/python3.12/site-packages/ipykernel_launcher.py,fabian,FINISHED,vae,64,0.2,50,64,50000,3,318446,1415,1,40544,250261,27641,40,0.7463954091072083,0.8949248194694519,0.9105510711669922,0.2699835002422333,0.7009528875350952,1.1096943616867065
2025-01-09 03:18:26,47.0min,e59ef4ce03be4b3d930409cd4ea9abb3,kmeans_aug200000_1971,LOCAL,/opt/anaconda3/lib/python3.12/site-packages/ipykernel_launcher.py,fabian,FINISHED,kmeans,64,0.2,50,64,200000,3,468155,1971,1,40745,400258,27152,40,0.7175285816192627,1.0639442205429077,0.6077637672424316,0.72384113073349,0.7467910647392273,0.8328036069869995
2025-01-09 02:37:21,40.8min,ebc9f938a2b24d7f91e3d39764a3e224,kmeans_aug150000_1971,LOCAL,/opt/anaconda3/lib/python3.12/site-packages/ipykernel_launcher.py,fabian,FINISHED,kmeans,64,0.2,50,64,150000,3,418155,1971,1,40745,350258,27152,40,0.7275273203849792,0.9648406505584717,0.6521595120429993,0.6678644418716431,0.7773679494857788,0.7560523748397827
2025-01-09 02:01:56,35.2min,0b74216f56404479800c251d0cf4d88a,kmeans_aug100000_1971,LOCAL,/opt/anaconda3/lib/python3.12/site-packages/ipykernel_launcher.py,fabian,FINISHED,kmeans,64,0.2,50,64,100000,3,368155,1971,1,40745,300258,27152,40,0.7531507015228271,0.8700806498527527,0.7049344182014465,0.5825310945510864,0.7870684862136841,0.7783951163291931
2025-01-09 01:32:14,29.5min,956f89fd72aa493ea0f4ccebaefc18a2,kmeans_aug50000_1971,LOCAL,/opt/anaconda3/lib/python3.12/site-packages/ipykernel_launcher.py,fabian,FINISHED,kmeans,64,0.2,50,64,50000,3,318155,1971,1,40745,250258,27152,40,0.7383368015289307,0.7911081910133362,0.7763030529022217,0.4951726496219635,0.7733844518661499,0.7592610120773315
2025-01-09 00:43:31,48.5min,802f1bd1ff2a439385c8dd219b0b53ba,kmeans_aug200000_2884,LOCAL,/opt/anaconda3/lib/python3.12/site-packages/ipykernel_launcher.py,fabian,FINISHED,kmeans,64,0.2,50,64,200000,3,467501,2884,1,40052,400377,27072,40,0.7449765205383301,0.904798686504364,0.604330837726593,0.7285088300704956,0.6795279383659363,1.0568556785583496
2025-01-08 23:55:12,48.1min,597dcdce7600497d92a66d2e0ba23080,kmeans_aug150000_2884,LOCAL,/opt/anaconda3/lib/python3.12/site-packages/ipykernel_launcher.py,fabian,FINISHED,kmeans,64,0.2,50,64,150000,3,417501,2884,1,40052,350377,27072,40,0.7631460428237915,0.8540382385253906,0.6567362546920776,0.6546399593353271,0.6770864129066467,1.305713176727295
2025-01-08 23:14:43,40.2min,331ad4d9f11944ea98077f6999e4e1e4,kmeans_aug100000_2884,LOCAL,/opt/anaconda3/lib/python3.12/site-packages/ipykernel_launcher.py,fabian,FINISHED,kmeans,64,0.2,50,64,100000,3,367501,2884,1,40052,300377,27072,40,0.7591972351074219,0.7921525239944458,0.7063831686973572,0.5896024703979492,0.7000222206115723,1.1396445035934448
2025-01-08 22:45:16,29.2min,b567542f1cf34c60b6b3ae65bdafbab5,kmeans_aug50000_2884,LOCAL,/opt/anaconda3/lib/python3.12/site-packages/ipykernel_launcher.py,fabian,FINISHED,kmeans,64,0.2,50,64,50000,3,317501,2884,1,40052,250377,27072,40,0.7632459998130798,0.8388038277626038,0.7755665183067322,0.49908292293548584,0.6952870488166809,1.0512511730194092
2025-01-08 21:51:18,53.7min,7e397dae3aa14c8ca32c5faaa70f3fe5,kmeans_aug200000_7950,LOCAL,/opt/anaconda3/lib/python3.12/site-packages/ipykernel_launcher.py,fabian,FINISHED,kmeans,64,0.2,50,64,200000,3,468335,7950,1,40335,400231,27769,40,0.7599453926086426,0.8152341246604919,0.6068577170372009,0.7320983409881592,0.7596740126609802,0.7478258609771729
2025-01-08 21:08:42,42.3min,77b266af688142b49cd3a08c68cf29a5,kmeans_aug150000_7950,LOCAL,/opt/anaconda3/lib/python3.12/site-packages/ipykernel_launcher.py,fabian,FINISHED,kmeans,64,0.2,50,64,150000,3,418335,7950,1,40335,350231,27769,40,0.7550068497657776,0.9059584736824036,0.6559820175170898,0.6531842350959778,0.7704929709434509,0.8162789940834045
2025-01-08 20:30:02,38.4min,8a59b0933b4847bcba1cae486be2811f,kmeans_aug100000_7950,LOCAL,/opt/anaconda3/lib/python3.12/site-packages/ipykernel_launcher.py,fabian,FINISHED,kmeans,64,0.2,50,64,100000,3,368335,7950,1,40335,300231,27769,40,0.7111800312995911,0.957524299621582,0.7013201713562012,0.598602294921875,0.7298856973648071,0.8139675259590149
2025-01-08 20:00:15,29.6min,a13bdc233740450286712350b464e8ee,kmeans_aug50000_7950,LOCAL,/opt/anaconda3/lib/python3.12/site-packages/ipykernel_launcher.py,fabian,FINISHED,kmeans,64,0.2,50,64,50000,3,318335,7950,1,40335,250231,27769,40,0.7334656715393066,0.9462745189666748,0.7872905135154724,0.47015973925590515,0.7727649807929993,0.7547994256019592
2025-01-08 19:12:10,47.9min,21c0c5ca5e034c838f5c1f95fa4f439d,kmeans_aug200000_3832,LOCAL,/opt/anaconda3/lib/python3.12/site-packages/ipykernel_launcher.py,fabian,FINISHED,kmeans,64,0.2,50,64,200000,3,468313,3832,1,40677,400602,27034,40,0.7257671356201172,0.8831454515457153,0.6075214147567749,0.7279262542724609,0.7050085067749023,0.9450607895851135
2025-01-08 18:30:21,41.6min,75ee595869d24a9db7238374e47f3cd0,kmeans_aug150000_3832,LOCAL,/opt/anaconda3/lib/python3.12/site-packages/ipykernel_launcher.py,fabian,FINISHED,kmeans,64,0.2,50,64,150000,3,418313,3832,1,40677,350602,27034,40,0.7362256050109863,0.9653593897819519,0.6498222947120667,0.6554868221282959,0.7379417419433594,0.8914150595664978
2025-01-08 17:51:05,39.0min,77ab4d14fd3044329c5c7d5182ccf57f,kmeans_aug100000_3832,LOCAL,/opt/anaconda3/lib/python3.12/site-packages/ipykernel_launcher.py,fabian,FINISHED,kmeans,64,0.2,50,64,100000,3,368313,3832,1,40677,300602,27034,40,0.7363978624343872,0.9297543168067932,0.7053552865982056,0.5920701026916504,0.6965621709823608,0.9169741272926331
2025-01-08 17:19:48,31.1min,78faf6770b234c539e0947365eecc36e,kmeans_aug50000_3832,LOCAL,/opt/anaconda3/lib/python3.12/site-packages/ipykernel_launcher.py,fabian,FINISHED,kmeans,64,0.2,50,64,50000,3,318313,3832,1,40677,250602,27034,40,0.7207717299461365,1.0132969617843628,0.7837461233139038,0.4738842844963074,0.7305697798728943,0.9361286759376526
2025-01-08 16:27:18,52.3min,67cdad54181546d29fd4674f4c0fb2b5,kmeans_aug200000_2643,LOCAL,/opt/anaconda3/lib/python3.12/site-packages/ipykernel_launcher.py,fabian,FINISHED,kmeans,64,0.2,50,64,200000,3,468009,2643,1,40137,400112,27760,40,0.7164127230644226,0.9170138239860535,0.6080880165100098,0.7198607921600342,0.6996031999588013,1.1079816818237305
2025-01-08 15:43:53,43.2min,062b75257a2c4baab4a29e5d4bfae30c,kmeans_aug150000_2643,LOCAL,/opt/anaconda3/lib/python3.12/site-packages/ipykernel_launcher.py,fabian,FINISHED,kmeans,64,0.2,50,64,150000,3,418009,2643,1,40137,350112,27760,40,0.73175048828125,0.9439644813537598,0.6553880572319031,0.6544857025146484,0.7242785096168518,0.9183949828147888
2025-01-08 15:06:38,37.0min,3d45e708de7e4733ac09a36f72f0bc22,kmeans_aug100000_2643,LOCAL,/opt/anaconda3/lib/python3.12/site-packages/ipykernel_launcher.py,fabian,FINISHED,kmeans,64,0.2,50,64,100000,3,368009,2643,1,40137,300112,27760,40,0.7134199738502502,0.9645673632621765,0.7046608924865723,0.5829669833183289,0.6976551413536072,0.9144918918609619
2025-01-08 14:33:18,33.1min,5d4a9de56dd84319a756241593321145,kmeans_aug50000_2643,LOCAL,/opt/anaconda3/lib/python3.12/site-packages/ipykernel_launcher.py,fabian,FINISHED,kmeans,64,0.2,50,64,50000,3,318009,2643,1,40137,250112,27760,40,0.7077337503433228,0.9988062977790833,0.7810390591621399,0.4861452877521515,0.6857143044471741,1.0180163383483887
2025-01-08 13:42:27,50.6min,8e6c1ab9df984eefb253e1449d943505,kmeans_aug200000_3846,LOCAL,/opt/anaconda3/lib/python3.12/site-packages/ipykernel_launcher.py,fabian,FINISHED,kmeans,64,0.2,50,64,200000,3,468538,3846,1,40460,400898,27180,40,0.7486392855644226,0.7704408168792725,0.6087043285369873,0.7280635237693787,0.6971628665924072,0.9130591154098511
2025-01-08 12:57:50,44.4min,a1ca9ecfba9d4d0eaed2d6c6ff06cace,kmeans_aug150000_3846,LOCAL,/opt/anaconda3/lib/python3.12/site-packages/ipykernel_launcher.py,fabian,FINISHED,kmeans,64,0.2,50,64,150000,3,418538,3846,1,40460,350898,27180,40,0.735205352306366,0.8410064578056335,0.6430037021636963,0.6746835112571716,0.6815770268440247,0.965643048286438
2025-01-08 12:16:36,41.0min,1798063bf7934ddb9bc0b6aaff16f03c,kmeans_aug100000_3846,LOCAL,/opt/anaconda3/lib/python3.12/site-packages/ipykernel_launcher.py,fabian,FINISHED,kmeans,64,0.2,50,64,100000,3,368538,3846,1,40460,300898,27180,40,0.749356746673584,0.8186726570129395,0.7112491726875305,0.5781702995300293,0.6795873045921326,0.9011587500572205
2025-01-08 11:43:50,32.6min,058a8f1fee614ba6a4ddbfc446b6b88e,kmeans_aug50000_3846,LOCAL,/opt/anaconda3/lib/python3.12/site-packages/ipykernel_launcher.py,fabian,FINISHED,kmeans,64,0.2,50,64,50000,3,318538,3846,1,40460,250898,27180,40,0.7730331420898438,0.7527247071266174,0.7897974252700806,0.46632662415504456,0.6943625807762146,0.9411678314208984
2025-01-08 10:55:06,48.5min,c67bf92a1930403fb44acacf98737d55,kmeans_aug200000_7932,LOCAL,/opt/anaconda3/lib/python3.12/site-packages/ipykernel_launcher.py,fabian,FINISHED,kmeans,64,0.2,50,64,200000,3,467865,7932,1,40140,400503,27222,40,0.6960349082946777,0.809874951839447,0.5983274579048157,0.7472395300865173,0.6757780909538269,0.8622628450393677
2025-01-08 10:12:22,42.5min,78b363e9ed8c49bc9035873fabcae69f,kmeans_aug150000_7932,LOCAL,/opt/anaconda3/lib/python3.12/site-packages/ipykernel_launcher.py,fabian,FINISHED,kmeans,64,0.2,50,64,150000,3,417865,7932,1,40140,350503,27222,40,0.7098752856254578,0.9386296272277832,0.6506792306900024,0.6663430333137512,0.6943933367729187,1.025652527809143
2025-01-08 09:35:17,36.9min,bec01ae6912543e5a96f821c2c9c3684,kmeans_aug100000_7932,LOCAL,/opt/anaconda3/lib/python3.12/site-packages/ipykernel_launcher.py,fabian,FINISHED,kmeans,64,0.2,50,64,100000,3,367865,7932,1,40140,300503,27222,40,0.7275062203407288,0.9293597936630249,0.704253077507019,0.5888463854789734,0.7213229537010193,1.0131841897964478
2025-01-08 09:01:09,33.9min,d343a879362244fa8aa973eb9bde05ac,kmeans_aug50000_7932,LOCAL,/opt/anaconda3/lib/python3.12/site-packages/ipykernel_launcher.py,fabian,FINISHED,kmeans,64,0.2,50,64,50000,3,317865,7932,1,40140,250503,27222,40,0.7135910391807556,0.9470075964927673,0.7682731747627258,0.5109350681304932,0.6917445659637451,1.0148018598556519
2025-01-08 08:13:23,47.6min,d70f2210476241ea9ab02e20c258f415,kmeans_aug200000_3589,LOCAL,/opt/anaconda3/lib/python3.12/site-packages/ipykernel_launcher.py,fabian,FINISHED,kmeans,64,0.2,50,64,200000,3,467944,3589,1,40055,400675,27214,40,0.7435211539268494,0.8753166794776917,0.61580491065979,0.7179408073425293,0.7462648153305054,0.8875110745429993
2025-01-08 07:30:12,43.0min,9d8a40a22f084cf1b0d8086793c19d46,kmeans_aug150000_3589,LOCAL,/opt/anaconda3/lib/python3.12/site-packages/ipykernel_launcher.py,fabian,FINISHED,kmeans,64,0.2,50,64,150000,3,417944,3589,1,40055,350675,27214,40,0.7388229370117188,0.9292377829551697,0.6624638438224792,0.6457310318946838,0.7522264122962952,0.9060422778129578
2025-01-08 06:54:21,35.6min,5021848bba0747d194d5e9729eb73bbf,kmeans_aug100000_3589,LOCAL,/opt/anaconda3/lib/python3.12/site-packages/ipykernel_launcher.py,fabian,FINISHED,kmeans,64,0.2,50,64,100000,3,367944,3589,1,40055,300675,27214,40,0.7229539155960083,0.916312038898468,0.7174081802368164,0.569465696811676,0.7265400886535645,1.002169132232666
2025-01-08 06:18:41,35.5min,828df6250d5a44049338b14c9ac3676e,kmeans_aug50000_3589,LOCAL,/opt/anaconda3/lib/python3.12/site-packages/ipykernel_launcher.py,fabian,FINISHED,kmeans,64,0.2,50,64,50000,3,317944,3589,1,40055,250675,27214,40,0.7213045358657837,1.0249834060668945,0.7988548874855042,0.4411086440086365,0.734268069267273,1.0221524238586426
2025-01-08 05:28:38,49.8min,8514e96b4be2462b895b9494020c9536,kmeans_aug200000_9265,LOCAL,/opt/anaconda3/lib/python3.12/site-packages/ipykernel_launcher.py,fabian,FINISHED,kmeans,64,0.2,50,64,200000,3,468426,9265,1,40336,400583,27507,40,0.7479650378227234,0.8547176718711853,0.6113076210021973,0.7186599373817444,0.7298940420150757,0.979091465473175
2025-01-08 04:44:24,44.0min,ec2d3b88c166455c999b95f16c85f2d3,kmeans_aug150000_9265,LOCAL,/opt/anaconda3/lib/python3.12/site-packages/ipykernel_launcher.py,fabian,FINISHED,kmeans,64,0.2,50,64,150000,3,418426,9265,1,40336,350583,27507,40,0.7448630332946777,0.9401130676269531,0.6621955037117004,0.6411545276641846,0.7443113327026367,1.031508207321167
2025-01-08 04:08:24,35.8min,483de238a836466ea98f98351dd34284,kmeans_aug100000_9265,LOCAL,/opt/anaconda3/lib/python3.12/site-packages/ipykernel_launcher.py,fabian,FINISHED,kmeans,64,0.2,50,64,100000,3,368426,9265,1,40336,300583,27507,40,0.7290549874305725,0.962186872959137,0.7161371111869812,0.5740365982055664,0.7340444922447205,0.9207106232643127
2025-01-08 03:38:46,29.4min,15c1131e30dc451d8296bb8889260256,kmeans_aug50000_9265,LOCAL,/opt/anaconda3/lib/python3.12/site-packages/ipykernel_launcher.py,fabian,FINISHED,kmeans,64,0.2,50,64,50000,3,318426,9265,1,40336,250583,27507,40,0.7390559911727905,0.9469601511955261,0.7828117609024048,0.4867646098136902,0.729275107383728,0.9921834468841553
2025-01-08 02:51:42,46.9min,469fd383dbb14c1d9cdc7cdf51866fb6,kmeans_aug200000_1415,LOCAL,/opt/anaconda3/lib/python3.12/site-packages/ipykernel_launcher.py,fabian,FINISHED,kmeans,64,0.2,50,64,200000,3,468526,1415,1,40544,400341,27641,40,0.7573572993278503,0.937957227230072,0.6119545102119446,0.710259199142456,0.720300018787384,1.146563172340393
2025-01-08 02:09:09,42.3min,e0b5f0660cc24ee1b684b6fb287927c4,kmeans_aug150000_1415,LOCAL,/opt/anaconda3/lib/python3.12/site-packages/ipykernel_launcher.py,fabian,FINISHED,kmeans,64,0.2,50,64,150000,3,418526,1415,1,40544,350341,27641,40,0.7585670351982117,0.8553403615951538,0.6476030349731445,0.6785381436347961,0.7202637791633606,0.9991361498832703
2025-01-08 01:31:52,37.1min,152df12e999e4f2c9e9655c743e4b66a,kmeans_aug100000_1415,LOCAL,/opt/anaconda3/lib/python3.12/site-packages/ipykernel_launcher.py,fabian,FINISHED,kmeans,64,0.2,50,64,100000,3,368526,1415,1,40544,300341,27641,40,0.766541600227356,0.788148045539856,0.7087555527687073,0.5849702954292297,0.7185971736907959,1.0882357358932495
2025-01-08 01:00:59,30.7min,c289d88d920647548227938833eaad88,kmeans_aug50000_1415,LOCAL,/opt/anaconda3/lib/python3.12/site-packages/ipykernel_launcher.py,fabian,FINISHED,kmeans,64,0.2,50,64,50000,3,318526,1415,1,40544,250341,27641,40,0.7543946504592896,0.8226078152656555,0.7803124785423279,0.4866674542427063,0.7093583345413208,0.9973899126052856
2025-01-08 00:37:19,23.5min,4bc6ecb909064e82bf868c7cb97ccfbd,baseline_1971,LOCAL,/opt/anaconda3/lib/python3.12/site-packages/ipykernel_launcher.py,fabian,FINISHED,baseline,64,0.2,50,64,0,3,268155,1971,1,40745,200258,27152,40,0.7390983700752258,1.0233631134033203,0.8953191041946411,0.30444076657295227,0.7579300403594971,0.8514171838760376
2025-01-08 00:13:19,23.8min,c5262919529f47cc82062d945c01628b,baseline_2884,LOCAL,/opt/anaconda3/lib/python3.12/site-packages/ipykernel_launcher.py,fabian,FINISHED,baseline,64,0.2,50,64,0,3,267501,2884,1,40052,200377,27072,40,0.7392532229423523,0.8623901009559631,0.8768674731254578,0.34005263447761536,0.7097883820533752,1.1563090085983276
2025-01-07 23:48:32,24.6min,4184e11ab32442adbac7b37460234d9b,baseline_7950,LOCAL,/opt/anaconda3/lib/python3.12/site-packages/ipykernel_launcher.py,fabian,FINISHED,baseline,64,0.2,50,64,0,3,268335,7950,1,40335,200231,27769,40,0.7449063062667847,1.0476787090301514,0.9181132316589355,0.24719861149787903,0.7801579833030701,0.8081701993942261
2025-01-07 23:23:14,25.1min,2dec6abf6c0847398872d7b1402a9284,baseline_3832,LOCAL,/opt/anaconda3/lib/python3.12/site-packages/ipykernel_launcher.py,fabian,FINISHED,baseline,64,0.2,50,64,0,3,268313,3832,1,40677,200602,27034,40,0.7252258062362671,0.9322188496589661,0.8811041116714478,0.337441086769104,0.7416462898254395,0.8430654406547546
2025-01-07 22:58:21,24.7min,70f70119d15d4cf3aef3d69152e7617e,baseline_2643,LOCAL,/opt/anaconda3/lib/python3.12/site-packages/ipykernel_launcher.py,fabian,FINISHED,baseline,64,0.2,50,64,0,3,268009,2643,1,40137,200112,27760,40,0.724193811416626,1.0759491920471191,0.8973469734191895,0.30034181475639343,0.7430014610290527,0.9199993014335632
2025-01-07 22:34:45,23.4min,6afeeb9833ed45e4a3ccbba9e1c69711,baseline_3846,LOCAL,/opt/anaconda3/lib/python3.12/site-packages/ipykernel_launcher.py,fabian,FINISHED,baseline,64,0.2,50,64,0,3,268538,3846,1,40460,200898,27180,40,0.7437654733657837,0.8894833922386169,0.895189642906189,0.3000507950782776,0.7089535593986511,0.9342918992042542
2025-01-07 22:10:39,23.9min,b0ad028309664acdb4d73564c2611136,baseline_7932,LOCAL,/opt/anaconda3/lib/python3.12/site-packages/ipykernel_launcher.py,fabian,FINISHED,baseline,64,0.2,50,64,0,3,267865,7932,1,40140,200503,27222,40,0.7614214420318604,0.7852205634117126,0.9044511914253235,0.2838359475135803,0.727098822593689,1.0057133436203003
2025-01-07 21:46:06,24.4min,5bd2f6b4f6de42bb9f7872c975f52075,baseline_3589,LOCAL,/opt/anaconda3/lib/python3.12/site-packages/ipykernel_launcher.py,fabian,FINISHED,baseline,64,0.2,50,64,0,3,267944,3589,1,40055,200675,27214,40,0.7353492379188538,1.0269800424575806,0.9086350798606873,0.2713572382926941,0.730109691619873,1.1282854080200195
2025-01-07 21:17:39,28.3min,0690b5480ea34cd6a285b0c48d373599,baseline_9265,LOCAL,/opt/anaconda3/lib/python3.12/site-packages/ipykernel_launcher.py,fabian,FINISHED,baseline,64,0.2,50,64,0,3,268426,9265,1,40336,200583,27507,40,0.7369962334632874,1.043597936630249,0.9122682213783264,0.26739582419395447,0.7144937515258789,1.033587098121643
2025-01-07 20:53:01,24.4min,a7be46382260488d982d4b4efe8ae4b8,baseline_1415,LOCAL,/opt/anaconda3/lib/python3.12/site-packages/ipykernel_launcher.py,fabian,FINISHED,baseline,64,0.2,50,64,0,3,268526,1415,1,40544,200341,27641,40,0.7563944458961487,0.8931363224983215,0.9087623357772827,0.275615930557251,0.7264954447746277,1.1193535327911377
